<?xml version="1.0" encoding="utf-8"?>
<Dataset>
  <database name="hicisdata_new_test">
    <table tname="PAT_INFOR">
      <column cname="reqno" ispk="true" autoAdd="false" type="varchar" length="30" isnull="false" defaults="" descr=""/>
      <column cname="Hos_Name" ispk="false" autoAdd="false" type="varchar" length="60" isnull="true" defaults="" descr=""/>
      <column cname="Pattype" ispk="false" autoAdd="false" type="varchar" length="20" isnull="true" defaults="" descr=""/>
      <column cname="PatHosId" ispk="false" autoAdd="false" type="varchar" length="20" isnull="true" defaults="" descr=""/>
      <column cname="InHosSum" ispk="false" autoAdd="false" type="varchar" length="16" isnull="true" defaults="" descr=""/>
      <column cname="Patname" ispk="false" autoAdd="false" type="varchar" length="40" isnull="true" defaults="" descr=""/>
      <column cname="diagnose" ispk="false" autoAdd="false" type="varchar" length="200" isnull="true" defaults="" descr=""/>
      <column cname="address" ispk="false" autoAdd="false" type="varchar" length="800" isnull="true" defaults="" descr=""/>
      <column cname="VISIT_ID" ispk="false" autoAdd="false" type="varchar" length="20" isnull="true" defaults="" descr=""/>
      <column cname="REG_NO" ispk="false" autoAdd="false" type="varchar" length="20" isnull="true" defaults="" descr=""/>
      <column cname="weight_time" ispk="false" autoAdd="false" type="datetime" length="8" isnull="true" defaults="" descr=""/>
      <column cname="ConUser" ispk="false" autoAdd="false" type="int" length="4" isnull="true" defaults="" descr=""/>
      <column cname="ConFailReport" ispk="false" autoAdd="false" type="int" length="4" isnull="true" defaults="" descr=""/>
      <column cname="FailTestMic" ispk="false" autoAdd="false" type="int" length="4" isnull="true" defaults="" descr=""/>
      <column cname="currentdeptno" ispk="false" autoAdd="false" type="varchar" length="60" isnull="true" defaults="" descr=""/>
      <column cname="CURRENTDISTNO" ispk="false" autoAdd="false" type="varchar" length="60" isnull="true" defaults="" descr=""/>
      <column cname="chadoctorno" ispk="false" autoAdd="false" type="varchar" length="20" isnull="true" defaults="" descr=""/>
      <column cname="flag" ispk="false" autoAdd="false" type="int" length="4" isnull="true" defaults="((0))" descr=""/>
      <column cname="WarnStat" ispk="false" autoAdd="false" type="int" length="4" isnull="true" defaults="" descr=""/>
      <column cname="WarnRemark" ispk="false" autoAdd="false" type="varchar" length="100" isnull="true" defaults="" descr=""/>
      <column cname="UntreadDate" ispk="false" autoAdd="false" type="datetime" length="8" isnull="true" defaults="" descr=""/>
      <column cname="ConFlag" ispk="false" autoAdd="false" type="int" length="4" isnull="true" defaults="((0))" descr=""/>
      <column cname="Condate" ispk="false" autoAdd="false" type="datetime" length="8" isnull="true" defaults="" descr=""/>
      <column cname="Hostaint" ispk="false" autoAdd="false" type="int" length="4" isnull="true" defaults="" descr=""/>
      <column cname="FailReport" ispk="false" autoAdd="false" type="int" length="4" isnull="true" defaults="" descr=""/>
      <column cname="IllnessContent" ispk="false" autoAdd="false" type="varchar" length="200" isnull="true" defaults="" descr=""/>
      <column cname="IllnessDiagnose" ispk="false" autoAdd="false" type="varchar" length="200" isnull="true" defaults="" descr=""/>
      <column cname="checker" ispk="false" autoAdd="false" type="int" length="4" isnull="true" defaults="" descr=""/>
      <column cname="checkdate" ispk="false" autoAdd="false" type="datetime" length="8" isnull="true" defaults="" descr=""/>
      <column cname="questionarydate" ispk="false" autoAdd="false" type="datetime" length="8" isnull="true" defaults="" descr=""/>
      <column cname="QuestionaryMode" ispk="false" autoAdd="false" type="int" length="4" isnull="true" defaults="" descr=""/>
      <column cname="Reportdate" ispk="false" autoAdd="false" type="datetime" length="8" isnull="true" defaults="" descr=""/>
      <column cname="reporter" ispk="false" autoAdd="false" type="int" length="4" isnull="true" defaults="" descr=""/>
      <column cname="WhetherICU" ispk="false" autoAdd="false" type="int" length="4" isnull="true" defaults="" descr=""/>
      <column cname="WhetherOps" ispk="false" autoAdd="false" type="int" length="4" isnull="true" defaults="" descr=""/>
      <column cname="INHosDict" ispk="false" autoAdd="false" type="varchar" length="60" isnull="true" defaults="" descr=""/>
      <column cname="PhoneS" ispk="false" autoAdd="false" type="varchar" length="40" isnull="true" defaults="" descr=""/>
      <column cname="OutHosType" ispk="false" autoAdd="false" type="varchar" length="20" isnull="true" defaults="" descr=""/>
      <column cname="Operatetime" ispk="false" autoAdd="false" type="datetime" length="8" isnull="true" defaults="" descr=""/>
      <column cname="operator" ispk="false" autoAdd="false" type="int" length="4" isnull="true" defaults="" descr=""/>
      <column cname="patno" ispk="false" autoAdd="false" type="varchar" length="10" isnull="true" defaults="" descr=""/>
      <column cname="Diseaselapse" ispk="false" autoAdd="false" type="varchar" length="50" isnull="true" defaults="" descr=""/>
      <column cname="iLLType" ispk="false" autoAdd="false" type="varchar" length="100" isnull="true" defaults="" descr=""/>
      <column cname="SinILLType" ispk="false" autoAdd="false" type="varchar" length="10" isnull="true" defaults="" descr=""/>
      <column cname="TreatPath" ispk="false" autoAdd="false" type="varchar" length="20" isnull="true" defaults="" descr=""/>
      <column cname="specialPat" ispk="false" autoAdd="false" type="varchar" length="10" isnull="true" defaults="" descr=""/>
      <column cname="INhosDept" ispk="false" autoAdd="false" type="varchar" length="60" isnull="true" defaults="" descr=""/>
      <column cname="room_no" ispk="false" autoAdd="false" type="varchar" length="40" isnull="true" defaults="" descr=""/>
      <column cname="Chadoctor" ispk="false" autoAdd="false" type="varchar" length="50" isnull="true" defaults="" descr=""/>
      <column cname="INHosDoc" ispk="false" autoAdd="false" type="varchar" length="50" isnull="true" defaults="" descr=""/>
      <column cname="Inhosdate" ispk="false" autoAdd="false" type="datetime" length="8" isnull="true" defaults="" descr=""/>
      <column cname="Outhodate" ispk="false" autoAdd="false" type="datetime" length="8" isnull="true" defaults="" descr=""/>
      <column cname="InhosTime" ispk="false" autoAdd="false" type="int" length="4" isnull="true" defaults="" descr=""/>
      <column cname="weight" ispk="false" autoAdd="false" type="float" length="8" isnull="true" defaults="" descr=""/>
      <column cname="deptno" ispk="false" autoAdd="false" type="int" length="4" isnull="true" defaults="" descr=""/>
      <column cname="CurrentDist" ispk="false" autoAdd="false" type="varchar" length="60" isnull="true" defaults="" descr=""/>
      <column cname="Currentdept" ispk="false" autoAdd="false" type="varchar" length="60" isnull="true" defaults="" descr=""/>
      <column cname="wardNo" ispk="false" autoAdd="false" type="varchar" length="40" isnull="true" defaults="" descr=""/>
      <column cname="BedNo" ispk="false" autoAdd="false" type="varchar" length="20" isnull="true" defaults="" descr=""/>
      <column cname="sex" ispk="false" autoAdd="false" type="varchar" length="10" isnull="true" defaults="" descr=""/>
      <column cname="Age" ispk="false" autoAdd="false" type="varchar" length="10" isnull="true" defaults="" descr=""/>
      <column cname="AgeUnit" ispk="false" autoAdd="false" type="varchar" length="10" isnull="true" defaults="" descr=""/>
      <column cname="ID_NO" ispk="false" autoAdd="false" type="varchar" length="30" isnull="true" defaults="" descr=""/>
      <column cname="Birthday" ispk="false" autoAdd="false" type="datetime" length="8" isnull="true" defaults="" descr=""/>
      <column cname="stature" ispk="false" autoAdd="false" type="float" length="8" isnull="true" defaults="" descr=""/>
    </table>
    <table tname="PatOPSCUTINFOR">
      <column cname="reqno" ispk="true" autoAdd="false" type="varchar" length="30" isnull="false" defaults="" descr=""/>
      <column cname="samreqno" ispk="false" autoAdd="false" type="varchar" length="20" isnull="true" defaults="" descr=""/>
      <column cname="pathosid" ispk="false" autoAdd="false" type="varchar" length="30" isnull="true" defaults="" descr=""/>
      <column cname="inhossum" ispk="false" autoAdd="false" type="varchar" length="20" isnull="true" defaults="" descr=""/>
      <column cname="opsdate" ispk="false" autoAdd="false" type="datetime" length="8" isnull="true" defaults="" descr=""/>
      <column cname="Ops_id" ispk="true" autoAdd="false" type="varchar" length="40" isnull="false" defaults="" descr=""/>
      <column cname="ICDCode" ispk="false" autoAdd="false" type="varchar" length="50" isnull="true" defaults="" descr=""/>
      <column cname="pretime" ispk="false" autoAdd="false" type="varchar" length="100" isnull="true" defaults="" descr=""/>
      <column cname="Put_type" ispk="false" autoAdd="false" type="varchar" length="100" isnull="true" defaults="" descr=""/>
      <column cname="usemedi" ispk="false" autoAdd="false" type="varchar" length="100" isnull="true" defaults="" descr=""/>
      <column cname="OPSMeid" ispk="false" autoAdd="false" type="varchar" length="200" isnull="true" defaults="" descr=""/>
      <column cname="usemtime" ispk="false" autoAdd="false" type="varchar" length="100" isnull="true" defaults="" descr=""/>
      <column cname="Usemed_days" ispk="false" autoAdd="false" type="int" length="4" isnull="true" defaults="" descr=""/>
      <column cname="height" ispk="false" autoAdd="false" type="varchar" length="50" isnull="true" defaults="" descr=""/>
      <column cname="weight" ispk="false" autoAdd="false" type="varchar" length="50" isnull="true" defaults="" descr=""/>
      <column cname="opsClearLevel" ispk="false" autoAdd="false" type="varchar" length="200" isnull="true" defaults="" descr=""/>
      <column cname="thing_name" ispk="false" autoAdd="false" type="varchar" length="200" isnull="true" defaults="" descr=""/>
      <column cname="Perforation" ispk="false" autoAdd="false" type="varchar" length="200" isnull="true" defaults="" descr=""/>
      <column cname="prepf" ispk="false" autoAdd="false" type="varchar" length="100" isnull="true" defaults="" descr=""/>
      <column cname="HocusEnd" ispk="false" autoAdd="false" type="datetime" length="8" isnull="true" defaults="" descr=""/>
      <column cname="OPSfirstHelper" ispk="false" autoAdd="false" type="varchar" length="100" isnull="true" defaults="" descr=""/>
      <column cname="nnis" ispk="false" autoAdd="false" type="varchar" length="20" isnull="true" defaults="" descr=""/>
      <column cname="kjy_sj" ispk="false" autoAdd="false" type="varchar" length="50" isnull="true" defaults="" descr=""/>
      <column cname="VISIT_ID" ispk="false" autoAdd="false" type="varchar" length="50" isnull="true" defaults="" descr=""/>
      <column cname="OPSDeptname" ispk="false" autoAdd="false" type="varchar" length="50" isnull="true" defaults="" descr=""/>
      <column cname="THIRD_ASSISTANT" ispk="false" autoAdd="false" type="varchar" length="100" isnull="true" defaults="" descr=""/>
      <column cname="FOURTH_ASSISTANT" ispk="false" autoAdd="false" type="varchar" length="100" isnull="true" defaults="" descr=""/>
      <column cname="ANESTHESIA_DOCTOR" ispk="false" autoAdd="false" type="int" length="4" isnull="true" defaults="" descr=""/>
      <column cname="Hocus_mode" ispk="false" autoAdd="false" type="varchar" length="50" isnull="true" defaults="" descr=""/>
      <column cname="HocusDoctor" ispk="false" autoAdd="false" type="varchar" length="30" isnull="true" defaults="" descr=""/>
      <column cname="HocusBegin" ispk="false" autoAdd="false" type="datetime" length="8" isnull="true" defaults="" descr=""/>
      <column cname="Transfuse" ispk="false" autoAdd="false" type="varchar" length="50" isnull="true" defaults="" descr=""/>
      <column cname="Transfuse_count" ispk="false" autoAdd="false" type="varchar" length="50" isnull="true" defaults="" descr=""/>
      <column cname="Danger_index" ispk="false" autoAdd="false" type="int" length="4" isnull="true" defaults="" descr=""/>
      <column cname="remark" ispk="false" autoAdd="false" type="varchar" length="100" isnull="true" defaults="" descr=""/>
      <column cname="FIRST_ASSISTANT" ispk="false" autoAdd="false" type="varchar" length="100" isnull="true" defaults="" descr=""/>
      <column cname="Second_ASSISTANT" ispk="false" autoAdd="false" type="varchar" length="100" isnull="true" defaults="" descr=""/>
      <column cname="Cut_infect" ispk="false" autoAdd="false" type="int" length="4" isnull="true" defaults="" descr=""/>
      <column cname="Infect_part" ispk="false" autoAdd="false" type="int" length="4" isnull="true" defaults="" descr=""/>
      <column cname="AroseInfect" ispk="false" autoAdd="false" type="int" length="4" isnull="true" defaults="" descr=""/>
      <column cname="Infect_date" ispk="false" autoAdd="false" type="datetime" length="8" isnull="true" defaults="" descr=""/>
      <column cname="Lose_blood" ispk="false" autoAdd="false" type="varchar" length="50" isnull="true" defaults="" descr=""/>
      <column cname="lose_blood_count" ispk="false" autoAdd="false" type="varchar" length="50" isnull="true" defaults="" descr=""/>
      <column cname="WBC_count" ispk="false" autoAdd="false" type="int" length="4" isnull="true" defaults="" descr=""/>
      <column cname="Peep_lens" ispk="false" autoAdd="false" type="varchar" length="50" isnull="true" defaults="" descr=""/>
      <column cname="Put_thing" ispk="false" autoAdd="false" type="varchar" length="50" isnull="true" defaults="" descr=""/>
      <column cname="ASA_grade" ispk="false" autoAdd="false" type="varchar" length="30" isnull="true" defaults="" descr=""/>
      <column cname="AntibioticPrepare" ispk="false" autoAdd="false" type="int" length="4" isnull="true" defaults="" descr=""/>
      <column cname="Heal_circs" ispk="false" autoAdd="false" type="varchar" length="50" isnull="true" defaults="" descr=""/>
      <column cname="OPSDiag" ispk="false" autoAdd="false" type="varchar" length="800" isnull="true" defaults="" descr=""/>
      <column cname="Ops_doctor" ispk="false" autoAdd="false" type="varchar" length="20" isnull="true" defaults="" descr=""/>
      <column cname="OPs_type" ispk="false" autoAdd="false" type="varchar" length="30" isnull="true" defaults="" descr=""/>
      <column cname="Cut_count" ispk="false" autoAdd="false" type="int" length="4" isnull="true" defaults="" descr=""/>
      <column cname="Cut_type" ispk="false" autoAdd="false" type="varchar" length="50" isnull="true" defaults="" descr=""/>
      <column cname="Ops_part" ispk="false" autoAdd="false" type="varchar" length="50" isnull="true" defaults="" descr=""/>
      <column cname="Ops_name" ispk="false" autoAdd="false" type="varchar" length="800" isnull="true" defaults="" descr=""/>
      <column cname="Beg_time" ispk="true" autoAdd="false" type="datetime" length="8" isnull="false" defaults="" descr=""/>
      <column cname="End_time" ispk="false" autoAdd="false" type="datetime" length="8" isnull="true" defaults="" descr=""/>
      <column cname="OPs_time" ispk="false" autoAdd="false" type="varchar" length="20" isnull="true" defaults="" descr=""/>
      <column cname="OPSDept" ispk="false" autoAdd="false" type="varchar" length="300" isnull="true" defaults="" descr=""/>
      <column cname="OPSplace" ispk="false" autoAdd="false" type="varchar" length="20" isnull="true" defaults="" descr=""/>
    </table>
  </database>
  <database name="role_dzl">
    <table tname="MakeSum">
      <column cname="title" ispk="false" autoAdd="false" type="varchar" length="200" isnull="false" defaults="" descr=""/>
      <column cname="titlename" ispk="false" autoAdd="false" type="varchar" length="8000" isnull="false" defaults="" descr=""/>
      <column cname="Person" ispk="false" autoAdd="false" type="varchar" length="8000" isnull="false" defaults="" descr=""/>
      <column cname="sqltext" ispk="false" autoAdd="false" type="text" length="16" isnull="false" defaults="" descr=""/>
      <column cname="rows" ispk="false" autoAdd="false" type="varchar" length="2000" isnull="false" defaults="" descr=""/>
      <column cname="plugins" ispk="false" autoAdd="false" type="varchar" length="2000" isnull="false" defaults="" descr=""/>
      <column cname="where" ispk="false" autoAdd="false" type="varchar" length="2000" isnull="false" defaults="" descr=""/>
      <column cname="getval" ispk="false" autoAdd="false" type="varchar" length="3000" isnull="true" defaults="" descr=""/>
      <column cname="postval" ispk="false" autoAdd="false" type="varchar" length="3000" isnull="true" defaults="" descr=""/>
      <column cname="order" ispk="false" autoAdd="false" type="varchar" length="5000" isnull="false" defaults="" descr=""/>
      <column cname="group" ispk="false" autoAdd="false" type="varchar" length="5000" isnull="false" defaults="" descr=""/>
      <column cname="pic" ispk="false" autoAdd="false" type="varchar" length="5000" isnull="true" defaults="" descr=""/>
      <column cname="sumstr" ispk="false" autoAdd="false" type="varchar" length="5000" isnull="true" defaults="" descr=""/>
      <column cname="excel1" ispk="false" autoAdd="false" type="varchar" length="5000" isnull="true" defaults="" descr=""/>
      <column cname="excel2" ispk="false" autoAdd="false" type="varchar" length="5000" isnull="true" defaults="" descr=""/>
      <column cname="excel3" ispk="false" autoAdd="false" type="varchar" length="5000" isnull="true" defaults="" descr=""/>
      <column cname="excel4" ispk="false" autoAdd="false" type="varchar" length="5000" isnull="true" defaults="" descr=""/>
      <column cname="excel5" ispk="false" autoAdd="false" type="varchar" length="5000" isnull="true" defaults="" descr=""/>
      <column cname="excel6" ispk="false" autoAdd="false" type="varchar" length="5000" isnull="true" defaults="" descr=""/>
      <column cname="jstext" ispk="false" autoAdd="false" type="text" length="16" isnull="true" defaults="" descr=""/>
      <column cname="ygBZtxt" ispk="false" autoAdd="false" type="varchar" length="5000" isnull="true" defaults="" descr=""/>
      <column cname="ssBZtxt" ispk="false" autoAdd="false" type="varchar" length="5000" isnull="true" defaults="" descr=""/>
      <column cname="id" ispk="true" autoAdd="false" type="varchar" length="50" isnull="false" defaults="" descr=""/>
      <column cname="forceFit" ispk="false" autoAdd="false" type="varchar" length="50" isnull="true" defaults="('true')" descr=""/>
      <column cname="outexcel" ispk="false" autoAdd="false" type="varchar" length="10" isnull="true" defaults="('H')" descr=""/>
      <column cname="excel7" ispk="false" autoAdd="false" type="varchar" length="5000" isnull="true" defaults="" descr=""/>
      <column cname="excel8" ispk="false" autoAdd="false" type="varchar" length="5000" isnull="true" defaults="" descr=""/>
    </table>
    <table tname="Role_dict">
      <column cname="Roleid" ispk="true" autoAdd="true" type="int" length="4" isnull="false" defaults="" descr=""/>
      <column cname="Rolename" ispk="false" autoAdd="false" type="varchar" length="50" isnull="true" defaults="" descr=""/>
    </table>
  </database>
</Dataset>
